{"cameraMode":{"drawMode":0,"name":"Shaded","section":"Shading Mode"},"sceneLighting":true,"audioPlay":false,"sceneViewState":{"m_AlwaysRefresh":false,"showFog":true,"showSkybox":true,"showFlares":true,"showImageEffects":true,"showParticleSystems":true,"showVisualEffectGraphs":true,"m_FxEnabled":true},"in2DMode":false,"pivot":{"x":-3.6754467487335207,"y":0.899937629699707,"z":-2.4131860733032228},"rotation":{"x":0.002644138876348734,"y":-0.9407468438148499,"z":0.33903345465660097,"w":0.00733437342569232},"size":7.071067810058594,"orthographic":false}